[
  {
    "id": "20251016_160144_0e3eb6b33af4",
    "subject": "테스트 메일 발송",
    "content": "안녕하세요! 이것은 SkyBoot Mail 시스템에서 발송된 테스트 메일입니다.",
    "sender_email": "user01@gmail.com",
    "recipients": [
      {
        "email": "admin@skyboot.mail",
        "type": "to",
        "name": "admin@skyboot.mail"
      }
    ],
    "status": "failed",
    "priority": "normal",
    "created_at": "2025-10-16T07:01:44.876808+09:00",
    "sent_at": "2025-10-16T07:01:44.876808+09:00",
    "attachments": []
  },
  {
    "id": "20251016_172401_44620dc91b7f",
    "subject": "테스트 메일 - user01에서 admin01로 (재전송)",
    "content": "안녕하세요 admin01님,\r\n\r\n이것은 SkyBoot Mail 시스템의 기능을 테스트하기 위한 메일입니다.\r\n\r\n발송자: user01\r\n수신자: admin01\r\n발송 시간: 2025년 1월 16일\r\n\r\n시스템이 정상적으로 작동하는지 확인하기 위해 재전송합니다.\r\n\r\n감사합니다.",
    "sender_email": "user01@gmail.com",
    "recipients": [
      {
        "email": "moon4656@gmail.com",
        "type": "to",
        "name": "moon4656@gmail.com"
      }
    ],
    "status": "failed",
    "priority": "normal",
    "created_at": "2025-10-16T08:24:01.884035+09:00",
    "sent_at": "2025-10-16T08:24:01.884035+09:00",
    "attachments": []
  },
  {
    "id": "20251016_175347_492a29297764",
    "subject": "API 테스트 메일",
    "content": "이것은 API 테스트용 메일입니다.",
    "sender_email": "user01@gmail.com",
    "recipients": [
      {
        "email": "test@example.com",
        "type": "to",
        "name": "test@example.com"
      }
    ],
    "status": "failed",
    "priority": "normal",
    "created_at": "2025-10-16T08:53:47.106713+09:00",
    "sent_at": "2025-10-16T08:53:47.106713+09:00",
    "attachments": []
  },
  {
    "id": "20251016_175407_b473372d1c43",
    "subject": "SkyBoot Mail API 테스트",
    "content": "안녕하세요! 이것은 SkyBoot Mail API 테스트용 메일입니다.",
    "sender_email": "user01@gmail.com",
    "recipients": [
      {
        "email": "test.skyboot@gmail.com",
        "type": "to",
        "name": "test.skyboot@gmail.com"
      }
    ],
    "status": "failed",
    "priority": "normal",
    "created_at": "2025-10-16T08:54:07.987330+09:00",
    "sent_at": "2025-10-16T08:54:07.987330+09:00",
    "attachments": []
  },
  {
    "id": "20251016_175527_9c3c71ad3735",
    "subject": "SkyBoot Mail API 테스트 - moon4656님께",
    "content": "안녕하세요 moon4656님! 이것은 SkyBoot Mail API 테스트용 메일입니다. 시스템이 정상적으로 작동하고 있습니다.",
    "sender_email": "user01@gmail.com",
    "recipients": [
      {
        "email": "moon4656@gmail.com",
        "type": "to",
        "name": "moon4656@gmail.com"
      }
    ],
    "status": "failed",
    "priority": "normal",
    "created_at": "2025-10-16T08:55:27.237199+09:00",
    "sent_at": "2025-10-16T08:55:27.237199+09:00",
    "attachments": []
  },
  {
    "id": "20251030_152652_2e376deddacc",
    "subject": "Test Mail 20251030",
    "content": "Test Mail 20251030",
    "sender_email": "user01@gmail.com",
    "recipients": [
      {
        "email": "moon4656@gmail.com",
        "type": "to",
        "name": "moon4656@gmail.com"
      }
    ],
    "status": "failed",
    "priority": "normal",
    "created_at": "2025-10-30T06:26:52.556347+09:00",
    "sent_at": "2025-10-30T06:26:52.556347+09:00",
    "attachments": []
  },
  {
    "id": "20251030_153439_f7de27ecd573",
    "subject": "Test Mail 20251030 01",
    "content": "Test Mail 20251030 01",
    "sender_email": "user01@gmail.com",
    "recipients": [
      {
        "email": "moon4656@hibiznet.com",
        "type": "to",
        "name": "moon4656@hibiznet.com"
      }
    ],
    "status": "failed",
    "priority": "high",
    "created_at": "2025-10-30T06:34:39.285995+09:00",
    "sent_at": "2025-10-30T06:34:39.285995+09:00",
    "attachments": []
  },
  {
    "id": "20251030_154550_e138d4c8d245",
    "subject": "Test Mail 20251030 001",
    "content": "Test Mail 20251030 001",
    "sender_email": "user01@gmail.com",
    "recipients": [
      {
        "email": "moon4656@hibiznet.com",
        "type": "to",
        "name": "moon4656@hibiznet.com"
      }
    ],
    "status": "failed",
    "priority": "normal",
    "created_at": "2025-10-30T15:45:50.428125+09:00",
    "sent_at": "2025-10-30T06:45:50.446539+09:00",
    "attachments": []
  },
  {
    "id": "20251030_154910_bc0b27d8bf2b",
    "subject": "🧪 API 메일 발송 테스트 (서버 재시작 후)",
    "content": "이 메일은 서버 재시작 후 SMTP 설정이 올바르게 적용되었는지 확인하는 테스트입니다.\n\n발신자 주소가 Gmail SMTP 설정에 맞게 자동으로 변경되어야 합니다.",
    "sender_email": "user01@gmail.com",
    "recipients": [
      {
        "email": "moon4656@hibiznet.com",
        "type": "to",
        "name": "moon4656@hibiznet.com"
      }
    ],
    "status": "failed",
    "priority": "normal",
    "created_at": "2025-10-30T15:49:10.660412+09:00",
    "sent_at": "2025-10-30T06:49:10.687885+09:00",
    "attachments": []
  },
  {
    "id": "20251030_155001_441298a2da9c",
    "subject": "🧪 API 메일 발송 테스트 (서버 재시작 후)",
    "content": "이 메일은 서버 재시작 후 SMTP 설정이 올바르게 적용되었는지 확인하는 테스트입니다.\n\n발신자 주소가 Gmail SMTP 설정에 맞게 자동으로 변경되어야 합니다.",
    "sender_email": "user01@gmail.com",
    "recipients": [
      {
        "email": "moon4656@hibiznet.com",
        "type": "to",
        "name": "moon4656@hibiznet.com"
      }
    ],
    "status": "failed",
    "priority": "normal",
    "created_at": "2025-10-30T15:50:01.540950+09:00",
    "sent_at": "2025-10-30T06:50:01.557521+09:00",
    "attachments": []
  },
  {
    "id": "20251030_155038_cee260474341",
    "subject": "🧪 API 메일 발송 테스트 (서버 재시작 후)",
    "content": "이 메일은 서버 재시작 후 SMTP 설정이 올바르게 적용되었는지 확인하는 테스트입니다.\n\n발신자 주소가 Gmail SMTP 설정에 맞게 자동으로 변경되어야 합니다.",
    "sender_email": "user01@gmail.com",
    "recipients": [
      {
        "email": "moon4656@hibiznet.com",
        "type": "to",
        "name": "moon4656@hibiznet.com"
      }
    ],
    "status": "failed",
    "priority": "normal",
    "created_at": "2025-10-30T15:50:38.049409+09:00",
    "sent_at": "2025-10-30T06:50:38.083630+09:00",
    "attachments": []
  },
  {
    "id": "20251030_155131_4fe7ee3bd218",
    "subject": "🧪 API 메일 발송 테스트 (서버 재시작 후)",
    "content": "이 메일은 서버 재시작 후 SMTP 설정이 올바르게 적용되었는지 확인하는 테스트입니다.\n\n발신자 주소가 Gmail SMTP 설정에 맞게 자동으로 변경되어야 합니다.",
    "sender_email": "user01@gmail.com",
    "recipients": [
      {
        "email": "moon4656@hibiznet.com",
        "type": "to",
        "name": "moon4656@hibiznet.com"
      }
    ],
    "status": "failed",
    "priority": "normal",
    "created_at": "2025-10-30T15:51:31.869191+09:00",
    "sent_at": "2025-10-30T06:51:31.887563+09:00",
    "attachments": []
  },
  {
    "id": "20251030_155319_9edd12697a3d",
    "subject": "🧪 API 메일 발송 테스트 (서버 재시작 후)",
    "content": "이 메일은 서버 재시작 후 SMTP 설정이 올바르게 적용되었는지 확인하는 테스트입니다.\n\n발신자 주소가 Gmail SMTP 설정에 맞게 자동으로 변경되어야 합니다.",
    "sender_email": "user01@gmail.com",
    "recipients": [
      {
        "email": "moon4656@hibiznet.com",
        "type": "to",
        "name": "moon4656@hibiznet.com"
      }
    ],
    "status": "failed",
    "priority": "normal",
    "created_at": "2025-10-30T15:53:19.669633+09:00",
    "sent_at": "2025-10-30T06:53:19.684063+09:00",
    "attachments": []
  },
  {
    "id": "20251030_155506_5ec2af3e2e23",
    "subject": "🧪 API 메일 발송 테스트 (서버 재시작 후)",
    "content": "이 메일은 서버 재시작 후 SMTP 설정이 올바르게 적용되었는지 확인하는 테스트입니다.\n\n발신자 주소가 Gmail SMTP 설정에 맞게 자동으로 변경되어야 합니다.",
    "sender_email": "user01@gmail.com",
    "recipients": [
      {
        "email": "moon4656@hibiznet.com",
        "type": "to",
        "name": "moon4656@hibiznet.com"
      }
    ],
    "status": "failed",
    "priority": "normal",
    "created_at": "2025-10-30T15:55:06.925477+09:00",
    "sent_at": "2025-10-30T06:55:06.956410+09:00",
    "attachments": []
  },
  {
    "id": "20251030_155653_78d3459ad508",
    "subject": "🧪 API 메일 발송 테스트 (서버 재시작 후)",
    "content": "이 메일은 서버 재시작 후 SMTP 설정이 올바르게 적용되었는지 확인하는 테스트입니다.\n\n발신자 주소가 Gmail SMTP 설정에 맞게 자동으로 변경되어야 합니다.",
    "sender_email": "user01@gmail.com",
    "recipients": [
      {
        "email": "moon4656@hibiznet.com",
        "type": "to",
        "name": "moon4656@hibiznet.com"
      }
    ],
    "status": "failed",
    "priority": "normal",
    "created_at": "2025-10-30T15:56:53.657005+09:00",
    "sent_at": "2025-10-30T06:56:53.687069+09:00",
    "attachments": []
  },
  {
    "id": "20251030_160154_398adfe84d6d",
    "subject": "🧪 API 메일 발송 테스트 (서버 재시작 후)",
    "content": "이 메일은 서버 재시작 후 SMTP 설정이 올바르게 적용되었는지 확인하는 테스트입니다.\n\n발신자 주소가 Gmail SMTP 설정에 맞게 자동으로 변경되어야 합니다.",
    "sender_email": "user01@gmail.com",
    "recipients": [
      {
        "email": "moon4656@hibiznet.com",
        "type": "to",
        "name": "moon4656@hibiznet.com"
      }
    ],
    "status": "failed",
    "priority": "normal",
    "created_at": "2025-10-30T16:01:54.462059+09:00",
    "sent_at": "2025-10-30T07:01:54.508709+09:00",
    "attachments": []
  },
  {
    "id": "20251030_160938_bfc588212983",
    "subject": "🧪 API 메일 발송 테스트 (서버 재시작 후)",
    "content": "이 메일은 서버 재시작 후 SMTP 설정이 올바르게 적용되었는지 확인하는 테스트입니다.\n\n발신자 주소가 Gmail SMTP 설정에 맞게 자동으로 변경되어야 합니다.",
    "sender_email": "user01@gmail.com",
    "recipients": [
      {
        "email": "moon4656@hibiznet.com",
        "type": "to",
        "name": "moon4656@hibiznet.com"
      }
    ],
    "status": "sent",
    "priority": "normal",
    "created_at": "2025-10-30T16:09:38.101586+09:00",
    "sent_at": "2025-10-30T07:09:38.128007+09:00",
    "attachments": []
  },
  {
    "id": "20251030_161151_828b59df3891",
    "subject": "Test Mail Server 20251030",
    "content": "Test Mail Server 20251030",
    "sender_email": "user01@gmail.com",
    "recipients": [
      {
        "email": "moon4656@hibiznet.com",
        "type": "to",
        "name": "moon4656@hibiznet.com"
      }
    ],
    "status": "sent",
    "priority": "normal",
    "created_at": "2025-10-30T07:11:51.500229+09:00",
    "sent_at": "2025-10-30T07:11:51.500229+09:00",
    "attachments": []
  },
  {
    "id": "20251030_161430_06f3aeae8fb4",
    "subject": "Mail Server Test 20251030",
    "content": "Mail Server Test 20251030",
    "sender_email": "user01@gmail.com",
    "recipients": [
      {
        "email": "moon4656@hibiznet.com",
        "type": "to",
        "name": "moon4656@hibiznet.com"
      }
    ],
    "status": "sent",
    "priority": "normal",
    "created_at": "2025-10-30T07:14:30.541912+09:00",
    "sent_at": "2025-10-30T07:14:30.541912+09:00",
    "attachments": []
  },
  {
    "id": "20251030_161905_d4d42aa75fca",
    "subject": "🧪 API 메일 발송 테스트 (서버 재시작 후)",
    "content": "이 메일은 서버 재시작 후 SMTP 설정이 올바르게 적용되었는지 확인하는 테스트입니다.\n\n발신자 주소가 Gmail SMTP 설정에 맞게 자동으로 변경되어야 합니다.",
    "sender_email": "user01@gmail.com",
    "recipients": [
      {
        "email": "moon4656@hibiznet.com",
        "type": "to",
        "name": "moon4656@hibiznet.com"
      }
    ],
    "status": "sent",
    "priority": "normal",
    "created_at": "2025-10-30T16:19:05.788800+09:00",
    "sent_at": "2025-10-30T07:19:05.804699+09:00",
    "attachments": []
  },
  {
    "id": "20251030_162016_b504f5f78ba5",
    "subject": "🧪 API 메일 발송 테스트 (서버 재시작 후)",
    "content": "이 메일은 서버 재시작 후 SMTP 설정이 올바르게 적용되었는지 확인하는 테스트입니다.\n\n발신자 주소가 Gmail SMTP 설정에 맞게 자동으로 변경되어야 합니다.",
    "sender_email": "user01@gmail.com",
    "recipients": [
      {
        "email": "moon4656@hibiznet.com",
        "type": "to",
        "name": "moon4656@hibiznet.com"
      }
    ],
    "status": "sent",
    "priority": "normal",
    "created_at": "2025-10-30T16:20:16.256913+09:00",
    "sent_at": "2025-10-30T07:20:16.272597+09:00",
    "attachments": []
  },
  {
    "id": "20251030_162214_9492a296322d",
    "subject": "Test Mail 001",
    "content": "Test Mail 001",
    "sender_email": "user01@gmail.com",
    "recipients": [
      {
        "email": "moon4656@hibiznet.com",
        "type": "to",
        "name": "moon4656@hibiznet.com"
      }
    ],
    "status": "sent",
    "priority": "normal",
    "created_at": "2025-10-30T07:22:14.362795+09:00",
    "sent_at": "2025-10-30T07:22:14.362795+09:00",
    "attachments": []
  },
  {
    "id": "20251030_162514_a3e7b1037b50",
    "subject": "테스트 메일 발송",
    "content": "안녕하세요! 이것은 SkyBoot Mail 시스템에서 발송된 테스트 메일입니다.",
    "sender_email": "user01@gmail.com",
    "recipients": [
      {
        "email": "admin@skyboot.mail",
        "type": "to",
        "name": "admin@skyboot.mail"
      }
    ],
    "status": "sent",
    "priority": "normal",
    "created_at": "2025-10-30T07:25:14.965786+09:00",
    "sent_at": "2025-10-30T07:25:14.965786+09:00",
    "attachments": []
  },
  {
    "id": "20251030_163221_b8d0eeb5cfcd",
    "subject": "테스트 메일 발송",
    "content": "안녕하세요! 이것은 SkyBoot Mail 시스템에서 발송된 테스트 메일입니다.",
    "sender_email": "user01@gmail.com",
    "recipients": [
      {
        "email": "admin@skyboot.mail",
        "type": "to",
        "name": "admin@skyboot.mail"
      }
    ],
    "status": "sent",
    "priority": "normal",
    "created_at": "2025-10-30T07:32:21.795349+09:00",
    "sent_at": "2025-10-30T07:32:21.795349+09:00",
    "attachments": []
  },
  {
    "id": "20251030_163252_9d67f2ca3656",
    "subject": "🧪 API 메일 발송 테스트 (서버 재시작 후)",
    "content": "이 메일은 서버 재시작 후 SMTP 설정이 올바르게 적용되었는지 확인하는 테스트입니다.\n\n발신자 주소가 Gmail SMTP 설정에 맞게 자동으로 변경되어야 합니다.",
    "sender_email": "user01@gmail.com",
    "recipients": [
      {
        "email": "moon4656@hibiznet.com",
        "type": "to",
        "name": "moon4656@hibiznet.com"
      }
    ],
    "status": "sent",
    "priority": "normal",
    "created_at": "2025-10-30T16:32:52.135400+09:00",
    "sent_at": "2025-10-30T07:32:52.167092+09:00",
    "attachments": []
  },
  {
    "id": "20251030_163703_d8f7a9abe704",
    "subject": "Test Mail 20251030 02",
    "content": "Test Mail 20251030 02",
    "sender_email": "user01@gmail.com",
    "recipients": [
      {
        "email": "moon4656@hibiznet.com",
        "type": "to",
        "name": "moon4656@hibiznet.com"
      }
    ],
    "status": "sent",
    "priority": "high",
    "created_at": "2025-10-30T07:37:03.122176+09:00",
    "sent_at": "2025-10-30T07:37:03.122176+09:00",
    "attachments": []
  },
  {
    "id": "20251030_164005_42b2fb9e41c3",
    "subject": "테스트 메일 발송",
    "content": "안녕하세요! 이것은 SkyBoot Mail 시스템에서 발송된 테스트 메일입니다.",
    "sender_email": "user01@gmail.com",
    "recipients": [
      {
        "email": "admin@skyboot.mail",
        "type": "to",
        "name": "admin@skyboot.mail"
      }
    ],
    "status": "sent",
    "priority": "normal",
    "created_at": "2025-10-30T07:40:05.002458+09:00",
    "sent_at": "2025-10-30T07:40:05.002458+09:00",
    "attachments": []
  },
  {
    "id": "20251030_164127_e2bd841ee325",
    "subject": "테스트 메일 발송",
    "content": "안녕하세요! 이것은 SkyBoot Mail 시스템에서 발송된 테스트 메일입니다.",
    "sender_email": "user01@gmail.com",
    "recipients": [
      {
        "email": "admin@skyboot.mail",
        "type": "to",
        "name": "admin@skyboot.mail"
      }
    ],
    "status": "sent",
    "priority": "normal",
    "created_at": "2025-10-30T07:41:27.024380+09:00",
    "sent_at": "2025-10-30T07:41:27.024380+09:00",
    "attachments": []
  },
  {
    "id": "20251030_164233_49e81e7cb417",
    "subject": "🧪 API 메일 발송 테스트 (서버 재시작 후)",
    "content": "이 메일은 서버 재시작 후 SMTP 설정이 올바르게 적용되었는지 확인하는 테스트입니다.\n\n발신자 주소가 Gmail SMTP 설정에 맞게 자동으로 변경되어야 합니다.",
    "sender_email": "user01@gmail.com",
    "recipients": [
      {
        "email": "moon4656@hibiznet.com",
        "type": "to",
        "name": "moon4656@hibiznet.com"
      }
    ],
    "status": "sent",
    "priority": "normal",
    "created_at": "2025-10-30T16:42:32.987048+09:00",
    "sent_at": "2025-10-30T07:42:33.015815+09:00",
    "attachments": []
  },
  {
    "id": "20251030_173341_0f1421837671",
    "subject": "user01 테스트 메일",
    "content": "user01 계정에서 발송하는 테스트 메일입니다.",
    "sender_email": "user01@gmail.com",
    "recipients": [
      {
        "email": "test@example.com",
        "type": "to",
        "name": "test@example.com"
      }
    ],
    "status": "sent",
    "priority": "normal",
    "created_at": "2025-10-30T08:33:41.402065+09:00",
    "sent_at": "2025-10-30T08:33:41.402065+09:00",
    "attachments": []
  },
  {
    "id": "20251030_173346_8eba281fd835",
    "subject": "user01 임시보관 메일",
    "content": "user01 계정에서 임시보관하는 메일입니다.",
    "sender_email": "user01@gmail.com",
    "recipients": [
      {
        "email": "draft@example.com",
        "type": "to",
        "name": "draft@example.com"
      }
    ],
    "status": "draft",
    "priority": "normal",
    "created_at": "2025-10-30T08:33:46.489393+09:00",
    "sent_at": null,
    "attachments": []
  },
  {
    "id": "20251030_173727_6dffa93fa681",
    "subject": "user01 테스트 메일",
    "content": "user01 계정에서 발송하는 테스트 메일입니다.",
    "sender_email": "user01@gmail.com",
    "recipients": [
      {
        "email": "test@example.com",
        "type": "to",
        "name": "test@example.com"
      }
    ],
    "status": "sent",
    "priority": "normal",
    "created_at": "2025-10-30T08:37:27.958450+09:00",
    "sent_at": "2025-10-30T08:37:27.958450+09:00",
    "attachments": []
  },
  {
    "id": "20251030_173733_7924150bb584",
    "subject": "user01 임시보관 메일",
    "content": "user01 계정에서 임시보관하는 메일입니다.",
    "sender_email": "user01@gmail.com",
    "recipients": [
      {
        "email": "draft@example.com",
        "type": "to",
        "name": "draft@example.com"
      }
    ],
    "status": "draft",
    "priority": "normal",
    "created_at": "2025-10-30T08:37:33.064590+09:00",
    "sent_at": null,
    "attachments": []
  },
  {
    "id": "20251030_173846_ae9012083d32",
    "subject": "user01 임시보관 메일",
    "content": "user01 계정에서 임시보관하는 메일입니다.",
    "sender_email": "user01@gmail.com",
    "recipients": [
      {
        "email": "draft@example.com",
        "type": "to",
        "name": "draft@example.com"
      }
    ],
    "status": "draft",
    "priority": "normal",
    "created_at": "2025-10-30T08:38:46.690599+09:00",
    "sent_at": null,
    "attachments": []
  },
  {
    "id": "20251031_103541_b4fe51be9823",
    "subject": "Mail Test 20251031",
    "content": "Mail Test 20251031",
    "sender_email": "user01@gmail.com",
    "recipients": [
      {
        "email": "moon4656@hibiznet.com",
        "type": "to",
        "name": "moon4656@hibiznet.com"
      }
    ],
    "status": "draft",
    "priority": "normal",
    "created_at": "2025-10-31T01:35:41.950232+09:00",
    "sent_at": null,
    "attachments": [
      {
        "filename": "real_test_audio.wav",
        "file_path": "attachments\\60000837-fee2-4d90-b4c8-261f39c29190.wav",
        "file_size": 320044,
        "content_type": "audio/wav"
      }
    ]
  },
  {
    "id": "20251030_173841_21a00d3bb71c",
    "subject": "user01 테스트 메일",
    "content": "user01 계정에서 발송하는 테스트 메일입니다.",
    "sender_email": "user01@gmail.com",
    "recipients": [
      {
        "email": "test@example.com",
        "type": "to",
        "name": "test@example.com"
      }
    ],
    "status": "sent",
    "priority": "normal",
    "created_at": "2025-10-30T08:38:41.959316+09:00",
    "sent_at": "2025-10-30T08:38:41.959316+09:00",
    "attachments": []
  },
  {
    "id": "20251031_110620_8857734993cc",
    "subject": "Mail Test 20251031",
    "content": "Mail Test 20251031",
    "sender_email": "user01@gmail.com",
    "recipients": [
      {
        "email": "user01@example.com",
        "type": "to",
        "name": "user01@example.com"
      }
    ],
    "status": "trash",
    "priority": "normal",
    "created_at": "2025-10-31T02:06:20.392016+09:00",
    "sent_at": "2025-10-31T02:06:20.392016+09:00",
    "attachments": []
  },
  {
    "id": "20251031_105233_dae6ecaa7b96",
    "subject": "Mail Test 20251031",
    "content": "Mail Test 20251031",
    "sender_email": "user01@gmail.com",
    "recipients": [
      {
        "email": "user01@example.com",
        "type": "to",
        "name": "user01@example.com"
      }
    ],
    "status": "trash",
    "priority": "normal",
    "created_at": "2025-10-31T01:52:33.062559+09:00",
    "sent_at": "2025-10-31T01:52:33.062559+09:00",
    "attachments": []
  },
  {
    "id": "20251031_105304_a79bf23d3d57",
    "subject": "Mail Test 20251031",
    "content": "Mail Test 20251031",
    "sender_email": "user01@gmail.com",
    "recipients": [
      {
        "email": "user01@example.com",
        "type": "to",
        "name": "user01@example.com"
      }
    ],
    "status": "trash",
    "priority": "normal",
    "created_at": "2025-10-31T01:53:04.238358+09:00",
    "sent_at": "2025-10-31T01:53:04.238358+09:00",
    "attachments": []
  },
  {
    "id": "20251031_105344_dd648184e25f",
    "subject": "Mail Test 20251031",
    "content": "Mail Test 20251031",
    "sender_email": "user01@gmail.com",
    "recipients": [
      {
        "email": "user01@example.com",
        "type": "to",
        "name": "user01@example.com"
      }
    ],
    "status": "trash",
    "priority": "normal",
    "created_at": "2025-10-31T01:53:44.108475+09:00",
    "sent_at": "2025-10-31T01:53:44.108475+09:00",
    "attachments": []
  },
  {
    "id": "20251031_105545_79c26eddd5eb",
    "subject": "Mail Test 20251031",
    "content": "Mail Test 20251031",
    "sender_email": "user01@gmail.com",
    "recipients": [
      {
        "email": "user01@example.com",
        "type": "to",
        "name": "user01@example.com"
      }
    ],
    "status": "trash",
    "priority": "normal",
    "created_at": "2025-10-31T01:55:45.212034+09:00",
    "sent_at": "2025-10-31T01:55:45.212034+09:00",
    "attachments": []
  },
  {
    "id": "20251031_110103_57485e59d518",
    "subject": "Mail Test 20251031",
    "content": "Mail Test 20251031",
    "sender_email": "user01@gmail.com",
    "recipients": [
      {
        "email": "user01@example.com",
        "type": "to",
        "name": "user01@example.com"
      }
    ],
    "status": "trash",
    "priority": "normal",
    "created_at": "2025-10-31T02:01:03.377010+09:00",
    "sent_at": "2025-10-31T02:01:03.377010+09:00",
    "attachments": []
  },
  {
    "id": "20251031_105139_617117582bbb",
    "subject": "Mail Test 20251031",
    "content": "Mail Test 20251031",
    "sender_email": "user01@gmail.com",
    "recipients": [
      {
        "email": "user01@example.com",
        "type": "to",
        "name": "user01@example.com"
      }
    ],
    "status": "trash",
    "priority": "normal",
    "created_at": "2025-10-31T01:51:39.838021+09:00",
    "sent_at": "2025-10-31T01:51:39.838021+09:00",
    "attachments": []
  },
  {
    "id": "20251031_105409_d56ef5d8278a",
    "subject": "Mail Test 20251031",
    "content": "Mail Test 20251031",
    "sender_email": "user01@gmail.com",
    "recipients": [
      {
        "email": "user01@example.com",
        "type": "to",
        "name": "user01@example.com"
      }
    ],
    "status": "trash",
    "priority": "normal",
    "created_at": "2025-10-31T01:54:09.833731+09:00",
    "sent_at": "2025-10-31T01:54:09.833731+09:00",
    "attachments": []
  },
  {
    "id": "20251031_131509_2935f2ed83c8",
    "subject": "Mail Test 20251031",
    "content": "Mail Test 20251031",
    "sender_email": "user01@gmail.com",
    "recipients": [
      {
        "email": "moon4656@hibiznet.com",
        "type": "to",
        "name": "moon4656@hibiznet.com"
      }
    ],
    "status": "sent",
    "priority": "normal",
    "created_at": "2025-10-31T04:15:09.923784+09:00",
    "sent_at": "2025-10-31T04:15:09.923784+09:00",
    "attachments": [
      {
        "filename": "stt_service_test.mp3",
        "file_path": "attachments\\d12a6887-bba4-40fe-acde-e4fb86b25c59.mp3",
        "file_size": 1946991,
        "content_type": "audio/mpeg"
      }
    ]
  },
  {
    "id": "20251031_134004_61d0a65f9a12",
    "subject": "Mail Test 20251031",
    "content": "Mail Test 20251031",
    "sender_email": "user01@gmail.com",
    "recipients": [
      {
        "email": "moon4656@hibiznet.com",
        "type": "to",
        "name": "moon4656@hibiznet.com"
      }
    ],
    "status": "sent",
    "priority": "normal",
    "created_at": "2025-10-31T04:40:04.320932+09:00",
    "sent_at": "2025-10-31T04:40:04.320932+09:00",
    "attachments": [
      {
        "filename": "meeting_20250812_112132_full.mp3",
        "file_path": "attachments\\f7471305-518e-44d3-9069-916308acf525.mp3",
        "file_size": 3734156,
        "content_type": "audio/mpeg"
      }
    ]
  },
  {
    "id": "20251031_134101_3e028e3b28f7",
    "subject": "Mail Test 20251031",
    "content": "Mail Test 20251031",
    "sender_email": "user01@gmail.com",
    "recipients": [
      {
        "email": "moon4656@hibiznet.com",
        "type": "to",
        "name": "moon4656@hibiznet.com"
      }
    ],
    "status": "sent",
    "priority": "normal",
    "created_at": "2025-10-31T04:41:01.001353+09:00",
    "sent_at": "2025-10-31T04:41:01.001353+09:00",
    "attachments": [
      {
        "filename": "meeting_20250812_112132_full.mp3",
        "file_path": "attachments\\ac02672e-8cef-4a11-97c6-980acc909148.mp3",
        "file_size": 3734156,
        "content_type": "audio/mpeg"
      }
    ]
  },
  {
    "id": "20251031_135107_4b2b118f8107",
    "subject": "Mail Test 20251031",
    "content": "Mail Test 20251031",
    "sender_email": "user01@gmail.com",
    "recipients": [
      {
        "email": "moon4656@hibiznet.com",
        "type": "to",
        "name": "moon4656@hibiznet.com"
      }
    ],
    "status": "sent",
    "priority": "normal",
    "created_at": "2025-10-31T04:51:07.474667+09:00",
    "sent_at": "2025-10-31T04:51:07.474667+09:00",
    "attachments": [
      {
        "filename": "meeting_20250812_112132_full.mp3",
        "file_path": "attachments\\fe367d2d-d15a-4f03-8ac1-a5d6e0ff1aec.mp3",
        "file_size": 3734156,
        "content_type": "audio/mpeg"
      }
    ]
  },
  {
    "id": "20251031_135205_bd002cc81154",
    "subject": "Mail Test 20251031",
    "content": "Mail Test 20251031",
    "sender_email": "user01@gmail.com",
    "recipients": [
      {
        "email": "moon4656@hibiznet.com",
        "type": "to",
        "name": "moon4656@hibiznet.com"
      }
    ],
    "status": "sent",
    "priority": "normal",
    "created_at": "2025-10-31T04:52:05.942800+09:00",
    "sent_at": "2025-10-31T04:52:05.942800+09:00",
    "attachments": [
      {
        "filename": "meeting_20250812_112132_full.mp3",
        "file_path": "attachments\\84813eb2-5967-4a89-9f48-c145e32f5c76.mp3",
        "file_size": 3734156,
        "content_type": "audio/mpeg"
      }
    ]
  },
  {
    "id": "20251031_135416_fdcc170485fc",
    "subject": "Mail Test 20251031",
    "content": "Mail Test 20251031",
    "sender_email": "user01@gmail.com",
    "recipients": [
      {
        "email": "moon4656@hibiznet.com",
        "type": "to",
        "name": "moon4656@hibiznet.com"
      }
    ],
    "status": "sent",
    "priority": "normal",
    "created_at": "2025-10-31T04:54:16.666231+09:00",
    "sent_at": "2025-10-31T04:54:16.666231+09:00",
    "attachments": [
      {
        "filename": "meeting_20250812_112132_full.mp3",
        "file_path": "attachments\\277d0f51-18f3-453e-8c22-a66ceb278248.mp3",
        "file_size": 3734156,
        "content_type": "audio/mpeg"
      }
    ]
  }
]